XBRL Tag,Original Value,Value Type,Placeholder
us-gaap:CashCashEquivalentsRestrictedCashAndRestrictedCashEquivalents,"35,929",Dependent (Calculated),{{CALC_76_CASHCASHEQUIVALENTSRESTRICTEDCASHANDRESTRICTEDCASHEQUIVALENTS}}
us-gaap:CashCashEquivalentsRestrictedCashAndRestrictedCashEquivalents,"39,789",Dependent (Calculated),{{CALC_76_CASHCASHEQUIVALENTSRESTRICTEDCASHANDRESTRICTEDCASHEQUIVALENTS}}
us-gaap:CashCashEquivalentsRestrictedCashAndRestrictedCashEquivalents,"50,224",Dependent (Calculated),{{CALC_3_CASHCASHEQUIVALENTSRESTRICTEDCASHANDRESTRICTEDCASHEQUIVALENTS}}
us-gaap:NetIncomeLoss,"99,803",Independent (Randomized),{{VALUE_1_FINANCIAL_VALUE}}
us-gaap:NetIncomeLoss,"94,680",Independent (Randomized),{{VALUE_2_FINANCIAL_VALUE}}
us-gaap:NetIncomeLoss,"57,411",Independent (Randomized),{{VALUE_3_FINANCIAL_VALUE}}
us-gaap:DepreciationDepletionAndAmortization,"11,104",Independent (Randomized),{{VALUE_4_FINANCIAL_VALUE}}
us-gaap:DepreciationDepletionAndAmortization,"11,284",Independent (Randomized),{{VALUE_5_FINANCIAL_VALUE}}
us-gaap:DepreciationDepletionAndAmortization,"11,056",Independent (Randomized),{{VALUE_6_FINANCIAL_VALUE}}
us-gaap:ShareBasedCompensation,"9,038",Independent (Randomized),{{VALUE_7_FINANCIAL_VALUE}}
us-gaap:ShareBasedCompensation,"7,906",Independent (Randomized),{{VALUE_8_FINANCIAL_VALUE}}
us-gaap:ShareBasedCompensation,"6,829",Independent (Randomized),{{VALUE_9_FINANCIAL_VALUE}}
us-gaap:DeferredIncomeTaxExpenseBenefit,"4,774",Independent (Randomized),{{VALUE_10_FINANCIAL_VALUE}}
us-gaap:IncreaseDecreaseInAccountsReceivable,"1,823",Independent (Randomized),{{VALUE_11_FINANCIAL_VALUE}}
us-gaap:IncreaseDecreaseInAccountsReceivable,"10,125",Independent (Randomized),{{VALUE_12_FINANCIAL_VALUE}}
us-gaap:IncreaseDecreaseInAccountsReceivable,"6,917",Independent (Randomized),{{VALUE_13_FINANCIAL_VALUE}}
us-gaap:IncreaseDecreaseInInventories,"1,484",Independent (Randomized),{{VALUE_14_FINANCIAL_VALUE}}
us-gaap:IncreaseDecreaseInInventories,"2,642",Independent (Randomized),{{VALUE_15_FINANCIAL_VALUE}}
us-gaap:IncreaseDecreaseInOtherReceivables,"7,520",Independent (Randomized),{{VALUE_16_FINANCIAL_VALUE}}
us-gaap:IncreaseDecreaseInOtherReceivables,"3,903",Independent (Randomized),{{VALUE_17_FINANCIAL_VALUE}}
us-gaap:IncreaseDecreaseInOtherReceivables,"1,553",Independent (Randomized),{{VALUE_18_FINANCIAL_VALUE}}
us-gaap:IncreaseDecreaseInOtherOperatingAssets,"6,499",Independent (Randomized),{{VALUE_19_FINANCIAL_VALUE}}
us-gaap:IncreaseDecreaseInOtherOperatingAssets,"8,042",Independent (Randomized),{{VALUE_20_FINANCIAL_VALUE}}
us-gaap:IncreaseDecreaseInOtherOperatingAssets,"9,588",Independent (Randomized),{{VALUE_21_FINANCIAL_VALUE}}
us-gaap:IncreaseDecreaseInAccountsPayable,"9,448",Independent (Randomized),{{VALUE_22_FINANCIAL_VALUE}}
us-gaap:IncreaseDecreaseInAccountsPayable,"12,326",Independent (Randomized),{{VALUE_23_FINANCIAL_VALUE}}
us-gaap:IncreaseDecreaseInAccountsPayable,"4,062",Independent (Randomized),{{VALUE_24_FINANCIAL_VALUE}}
us-gaap:IncreaseDecreaseInContractWithCustomerLiability,"1,676",Independent (Randomized),{{VALUE_25_FINANCIAL_VALUE}}
us-gaap:IncreaseDecreaseInContractWithCustomerLiability,"2,081",Independent (Randomized),{{VALUE_26_FINANCIAL_VALUE}}
us-gaap:IncreaseDecreaseInOtherOperatingLiabilities,"5,632",Independent (Randomized),{{VALUE_27_FINANCIAL_VALUE}}
us-gaap:IncreaseDecreaseInOtherOperatingLiabilities,"5,799",Independent (Randomized),{{VALUE_28_FINANCIAL_VALUE}}
us-gaap:IncreaseDecreaseInOtherOperatingLiabilities,"8,916",Independent (Randomized),{{VALUE_29_FINANCIAL_VALUE}}
us-gaap:NetCashProvidedByUsedInOperatingActivities,"122,151",Dependent (Calculated),{{CALC_33_NETCASHPROVIDEDBYUSEDINOPERATINGACTIVITIES}}
us-gaap:NetCashProvidedByUsedInOperatingActivities,"104,038",Dependent (Calculated),{{CALC_34_NETCASHPROVIDEDBYUSEDINOPERATINGACTIVITIES}}
us-gaap:NetCashProvidedByUsedInOperatingActivities,"80,674",Dependent (Calculated),{{CALC_35_NETCASHPROVIDEDBYUSEDINOPERATINGACTIVITIES}}
us-gaap:PaymentsToAcquireAvailableForSaleSecuritiesDebt,"76,923",Independent (Randomized),{{VALUE_30_FINANCIAL_VALUE}}
us-gaap:PaymentsToAcquireAvailableForSaleSecuritiesDebt,"109,558",Independent (Randomized),{{VALUE_31_FINANCIAL_VALUE}}
us-gaap:PaymentsToAcquireAvailableForSaleSecuritiesDebt,"114,938",Independent (Randomized),{{VALUE_32_FINANCIAL_VALUE}}
us-gaap:ProceedsFromMaturitiesPrepaymentsAndCallsOfAvailableForSaleSecurities,"29,917",Independent (Randomized),{{VALUE_33_FINANCIAL_VALUE}}
us-gaap:ProceedsFromMaturitiesPrepaymentsAndCallsOfAvailableForSaleSecurities,"59,023",Independent (Randomized),{{VALUE_34_FINANCIAL_VALUE}}
us-gaap:ProceedsFromMaturitiesPrepaymentsAndCallsOfAvailableForSaleSecurities,"69,918",Independent (Randomized),{{VALUE_35_FINANCIAL_VALUE}}
us-gaap:ProceedsFromSaleOfAvailableForSaleSecuritiesDebt,"37,446",Independent (Randomized),{{VALUE_36_FINANCIAL_VALUE}}
us-gaap:ProceedsFromSaleOfAvailableForSaleSecuritiesDebt,"47,460",Independent (Randomized),{{VALUE_37_FINANCIAL_VALUE}}
us-gaap:ProceedsFromSaleOfAvailableForSaleSecuritiesDebt,"50,473",Independent (Randomized),{{VALUE_38_FINANCIAL_VALUE}}
us-gaap:PaymentsToAcquirePropertyPlantAndEquipment,"10,708",Independent (Randomized),{{VALUE_39_FINANCIAL_VALUE}}
us-gaap:PaymentsToAcquirePropertyPlantAndEquipment,"11,085",Independent (Randomized),{{VALUE_40_FINANCIAL_VALUE}}
us-gaap:PaymentsToAcquirePropertyPlantAndEquipment,"7,309",Independent (Randomized),{{VALUE_41_FINANCIAL_VALUE}}
us-gaap:PaymentsToAcquireBusinessesNetOfCashAcquired,"1,524",Independent (Randomized),{{VALUE_42_FINANCIAL_VALUE}}
us-gaap:PaymentsForProceedsFromOtherInvestingActivities,"1,780",Independent (Randomized),{{VALUE_43_FINANCIAL_VALUE}}
us-gaap:NetCashProvidedByUsedInInvestingActivities,"22,354",Dependent (Calculated),{{CALC_50_NETCASHPROVIDEDBYUSEDININVESTINGACTIVITIES}}
us-gaap:NetCashProvidedByUsedInInvestingActivities,"14,545",Dependent (Calculated),{{CALC_51_NETCASHPROVIDEDBYUSEDININVESTINGACTIVITIES}}
us-gaap:NetCashProvidedByUsedInInvestingActivities,"4,289",Dependent (Calculated),{{CALC_52_NETCASHPROVIDEDBYUSEDININVESTINGACTIVITIES}}
us-gaap:PaymentsRelatedToTaxWithholdingForShareBasedCompensation,"6,223",Independent (Randomized),{{VALUE_44_FINANCIAL_VALUE}}
us-gaap:PaymentsRelatedToTaxWithholdingForShareBasedCompensation,"6,556",Independent (Randomized),{{VALUE_45_FINANCIAL_VALUE}}
us-gaap:PaymentsRelatedToTaxWithholdingForShareBasedCompensation,"3,634",Independent (Randomized),{{VALUE_46_FINANCIAL_VALUE}}
us-gaap:PaymentsOfDividends,"14,841",Independent (Randomized),{{VALUE_47_FINANCIAL_VALUE}}
us-gaap:PaymentsOfDividends,"14,467",Independent (Randomized),{{VALUE_48_FINANCIAL_VALUE}}
us-gaap:PaymentsOfDividends,"14,081",Independent (Randomized),{{VALUE_49_FINANCIAL_VALUE}}
us-gaap:PaymentsForRepurchaseOfCommonStock,"89,402",Independent (Randomized),{{VALUE_50_FINANCIAL_VALUE}}
us-gaap:PaymentsForRepurchaseOfCommonStock,"85,971",Independent (Randomized),{{VALUE_51_FINANCIAL_VALUE}}
us-gaap:PaymentsForRepurchaseOfCommonStock,"72,358",Independent (Randomized),{{VALUE_52_FINANCIAL_VALUE}}
us-gaap:ProceedsFromIssuanceOfLongTermDebt,"5,465",Independent (Randomized),{{VALUE_53_FINANCIAL_VALUE}}
us-gaap:ProceedsFromIssuanceOfLongTermDebt,"20,393",Independent (Randomized),{{VALUE_54_FINANCIAL_VALUE}}
us-gaap:ProceedsFromIssuanceOfLongTermDebt,"16,091",Independent (Randomized),{{VALUE_55_FINANCIAL_VALUE}}
us-gaap:RepaymentsOfLongTermDebt,"9,543",Independent (Randomized),{{VALUE_56_FINANCIAL_VALUE}}
us-gaap:RepaymentsOfLongTermDebt,"8,750",Independent (Randomized),{{VALUE_57_FINANCIAL_VALUE}}
us-gaap:RepaymentsOfLongTermDebt,"12,629",Independent (Randomized),{{VALUE_58_FINANCIAL_VALUE}}
us-gaap:ProceedsFromRepaymentsOfCommercialPaper,"3,955",Independent (Randomized),{{VALUE_59_FINANCIAL_VALUE}}
us-gaap:ProceedsFromRepaymentsOfCommercialPaper,"1,022",Independent (Randomized),{{VALUE_60_FINANCIAL_VALUE}}
us-gaap:NetCashProvidedByUsedInFinancingActivities,"110,749",Dependent (Calculated),{{CALC_70_NETCASHPROVIDEDBYUSEDINFINANCINGACTIVITIES}}
us-gaap:NetCashProvidedByUsedInFinancingActivities,"93,353",Dependent (Calculated),{{CALC_71_NETCASHPROVIDEDBYUSEDINFINANCINGACTIVITIES}}
us-gaap:NetCashProvidedByUsedInFinancingActivities,"86,820",Dependent (Calculated),{{CALC_72_NETCASHPROVIDEDBYUSEDINFINANCINGACTIVITIES}}
us-gaap:CashCashEquivalentsRestrictedCashAndRestrictedCashEquivalentsPeriodIncreaseDecreaseIncludingExchangeRateEffect,"10,952",Dependent (Calculated),{{CALC_73_CASHCASHEQUIVALENTSRESTRICTEDCASHANDRESTRICTEDCASHEQUIVALENTSPERIODINCREASEDECREASEINCLUDINGEXCHANGERATEEFFECT}}
us-gaap:CashCashEquivalentsRestrictedCashAndRestrictedCashEquivalentsPeriodIncreaseDecreaseIncludingExchangeRateEffect,"3,860",Dependent (Calculated),{{CALC_74_CASHCASHEQUIVALENTSRESTRICTEDCASHANDRESTRICTEDCASHEQUIVALENTSPERIODINCREASEDECREASEINCLUDINGEXCHANGERATEEFFECT}}
us-gaap:CashCashEquivalentsRestrictedCashAndRestrictedCashEquivalentsPeriodIncreaseDecreaseIncludingExchangeRateEffect,"10,435",Dependent (Calculated),{{CALC_75_CASHCASHEQUIVALENTSRESTRICTEDCASHANDRESTRICTEDCASHEQUIVALENTSPERIODINCREASEDECREASEINCLUDINGEXCHANGERATEEFFECT}}
us-gaap:CashCashEquivalentsRestrictedCashAndRestrictedCashEquivalents,"24,977",Dependent (Calculated),{{CALC_76_CASHCASHEQUIVALENTSRESTRICTEDCASHANDRESTRICTEDCASHEQUIVALENTS}}
us-gaap:IncomeTaxesPaidNet,"19,573",Independent (Randomized),{{VALUE_61_FINANCIAL_VALUE}}
us-gaap:IncomeTaxesPaidNet,"25,385",Independent (Randomized),{{VALUE_62_FINANCIAL_VALUE}}
us-gaap:IncomeTaxesPaidNet,"9,501",Independent (Randomized),{{VALUE_63_FINANCIAL_VALUE}}
us-gaap:InterestPaidNet,"2,865",Independent (Randomized),{{VALUE_64_FINANCIAL_VALUE}}
us-gaap:InterestPaidNet,"2,687",Independent (Randomized),{{VALUE_65_FINANCIAL_VALUE}}
us-gaap:InterestPaidNet,"3,002",Independent (Randomized),{{VALUE_66_FINANCIAL_VALUE}}
us-gaap:DeferredIncomeTaxExpenseBenefit,895,Independent (Randomized),{{VALUE_67_FINANCIAL_VALUE}}
us-gaap:DeferredIncomeTaxExpenseBenefit,215,Independent (Randomized),{{VALUE_68_FINANCIAL_VALUE}}
us-gaap:OtherNoncashIncomeExpense,111,Independent (Randomized),{{VALUE_69_FINANCIAL_VALUE}}
us-gaap:OtherNoncashIncomeExpense,147,Independent (Randomized),{{VALUE_70_FINANCIAL_VALUE}}
us-gaap:OtherNoncashIncomeExpense,97,Independent (Randomized),{{VALUE_71_FINANCIAL_VALUE}}
us-gaap:PaymentsToAcquireBusinessesNetOfCashAcquired,306,Independent (Randomized),{{VALUE_72_FINANCIAL_VALUE}}
us-gaap:PaymentsToAcquireBusinessesNetOfCashAcquired,33,Independent (Randomized),{{VALUE_73_FINANCIAL_VALUE}}
us-gaap:PaymentsForProceedsFromOtherInvestingActivities,352,Independent (Randomized),{{VALUE_74_FINANCIAL_VALUE}}
us-gaap:NetCashProvidedByUsedInInvestingActivities,909,Dependent (Calculated),{{CALC_91_NETCASHPROVIDEDBYUSEDININVESTINGACTIVITIES}}
